data;horario;n_da_ocorrencia;tipo_de_ocorrencia;km;trecho;sentido;tipo_de_acidente;automovel;bicicleta;caminhao;moto;onibus;outros;tracao_animal;transporte_de_cargas_especiais;trator_maquinas;utilitarios;ilesos;levemente_feridos;moderadamente_feridos;gravemente_feridos;mortos
19/11/2022;11:14:00;67;AC03-ACIDENTE SEM VÍTIMA;598,415;BR-163/PA;Norte;Tombamento;;;1;;;;;;;;1;;;;
19/11/2022;11:36:00;70;AC02-ACIDENTE COM VÍTIMA;272,273;BR-163/PA;Norte;Tombamento;;;1;;;;;;;;0;;1;;
19/11/2022;19:56:00;132;AC03-ACIDENTE SEM VÍTIMA;1034;BR-163/MT;Norte;Colisão Traseira;1;;;;;;;;;;1;;;;
19/11/2022;23:49:00;142;AC03-ACIDENTE SEM VÍTIMA;65,129;BR-163/PA;Sul;Saida de Pista;1;;;;;;;;;;2;;;;
19/11/2022;23:14:00;143;AC03-ACIDENTE SEM VÍTIMA;517;BR-163/PA;Norte;Tombamento;;;1;;;;;;;;1;;;;
20/11/2022;15:05:00;174;AC03-ACIDENTE SEM VÍTIMA;1086,806;BR-163/MT;Sul;Capotamento;1;;;;;;;;;;1;;;;
20/11/2022;19:29:00;209;AC03-ACIDENTE SEM VÍTIMA;160,7;BR-163/PA;Norte;Saida de Pista;1;;;;;;;;;;1;;;;
21/11/2022;04:53:00;20;AC03-ACIDENTE SEM VÍTIMA;450,17;BR-163/PA;Norte;Atropelamento de Animal;1;;;;;;;;;;2;;;;
21/11/2022;15:04:00;141;AC03-ACIDENTE SEM VÍTIMA;217,287;BR-163/PA;Sul;Colisão Traseira;;;2;;;;;;;;2;;;;
22/11/2022;04:06:00;23;AC03-ACIDENTE SEM VÍTIMA;935,05;BR-163/MT;Norte;Capotamento;1;;;;;;;;;;1;;;;
22/11/2022;10:09:00;95;AC02-ACIDENTE COM VÍTIMA;130,725;BR-163/PA;Norte;Capotamento;1;;;;;1;;;;;3;2;;;
23/11/2022;15:45:00;122;AC03-ACIDENTE SEM VÍTIMA;1075,3;BR-163/MT;Norte;Tombamento;;;1;;;3;;;;;4;;;;
24/11/2022;12:41:00;111;AC02-ACIDENTE COM VÍTIMA;899,368;BR-163/MT;Norte;Colisão Frontal;1;;1;;;2;;;;;3;;;1;
24/11/2022;22:43:00;178;AC03-ACIDENTE SEM VÍTIMA;909;BR-163/MT;Norte;Atropelamento de Animal;1;;;;;;;;;;1;;;;
24/11/2022;22:53:00;180;AC03-ACIDENTE SEM VÍTIMA;666,071;BR-163/PA;Norte;Saida de Pista;1;;;;;;;;;;1;;;;
25/11/2022;01:51:00;13;AC03-ACIDENTE SEM VÍTIMA;860,472;BR-163/MT;Sul;Capotamento;1;;;;;;;;;;1;;;;
25/11/2022;08:42:00;54;AC02-ACIDENTE COM VÍTIMA;658;BR-163/PA;Norte;Colisão Frontal;1;;;;;;;;;1;1;;1;;
25/11/2022;15:32:00;166;AC03-ACIDENTE SEM VÍTIMA;464,427;BR-163/PA;Sul;Colisão Traseira;;;2;;;1;;;;;3;;;;
25/11/2022;16:32:00;174;AC03-ACIDENTE SEM VÍTIMA;894,6;BR-163/MT;Sul;Capotamento;1;;;;;;;;;;1;;;;
25/11/2022;19:49:00;198;AC02-ACIDENTE COM VÍTIMA;107,974;BR-163/PA;Sul;Capotamento;1;;;;;;;;;;0;1;;;
25/11/2022;21:28:00;211;AC03-ACIDENTE SEM VÍTIMA;313,1;BR-163/PA;Norte;Choque - Suporte de Sinalização;1;;;;;;;;;;2;;;;
26/11/2022;13:54:00;128;AC02-ACIDENTE COM VÍTIMA;1009,788;BR-163/MT;Norte;Colisão Transversal;1;;1;;;;;;;;4;1;;;
26/11/2022;15:55:00;151;AC03-ACIDENTE SEM VÍTIMA;949;BR-163/MT;Norte;Colisão Traseira;1;;;;;;;;;2;5;;;;
26/11/2022;17:43:00;173;AC03-ACIDENTE SEM VÍTIMA;160,491;BR-163/PA;Norte;Colisão Frontal;;;;1;;;;;;;1;;;;
26/11/2022;19:32:00;183;AC02-ACIDENTE COM VÍTIMA;1123,638;BR-230/PA;Leste;Choque - Outros;;;;1;;1;;;;;1;1;;;
27/11/2022;03:25:00;20;AC02-ACIDENTE COM VÍTIMA;1037,085;BR-163/MT;Norte;Choque - Veiculo parado na pista;2;;;;;;;;;;1;1;;;
27/11/2022;12:11:00;111;AC03-ACIDENTE SEM VÍTIMA;654;BR-163/PA;Norte;Capotamento;1;;;;;;;;;;2;;;;
27/11/2022;13:21:00;119;AC02-ACIDENTE COM VÍTIMA;362,359;BR-163/PA;Sul;Colisão Lateral;;;1;;;;;;;1;0;3;;1;
28/11/2022;09:35:00;87;AC02-ACIDENTE COM VÍTIMA;244,971;BR-163/PA;Sul;Colisão Traseira;;;2;;;1;;;;;2;1;;;
29/11/2022;00:25:00;3;AC03-ACIDENTE SEM VÍTIMA;855,155;BR-163/MT;Sul;Choque - Talude;1;;;;;;;;;;3;;;;
29/11/2022;15:46:00;207;AC02-ACIDENTE COM VÍTIMA;465,1;BR-163/PA;Norte;Colisão Traseira;;;2;;;;;;;;1;1;;;
29/11/2022;16:19:00;209;AC02-ACIDENTE COM VÍTIMA;522,798;BR-163/PA;Norte;Saida de Pista;;;;;;;;;;1;0;1;;;
30/11/2022;05:35:00;52;AC03-ACIDENTE SEM VÍTIMA;955,19;BR-163/MT;Sul;Colisão Traseira;;;2;;;;;;;;2;;;;
30/11/2022;05:44:00;53;AC02-ACIDENTE COM VÍTIMA;10,339;BR-163/PA;Sul;Colisão Lateral;;;1;;;1;;;;1;2;;;1;
30/11/2022;20:09:00;184;AC03-ACIDENTE SEM VÍTIMA;983;BR-163/MT;Norte;Tombamento;1;;;;;;;;;;3;;;;
30/11/2022;22:30:00;192;AC03-ACIDENTE SEM VÍTIMA;403;BR-163/PA;Sul;Colisão Lateral;1;;1;;;;;;;;4;;;;
01/12/2022;07:33:00;46;AC03-ACIDENTE SEM VÍTIMA;1127,9;BR-230/PA;Leste;Colisão Traseira;;;2;;;1;;;;;2;;;;
01/12/2022;13:56:00;135;AC03-ACIDENTE SEM VÍTIMA;238;BR-163/PA;Sul;Saida de Pista;1;;;;;;;;;;1;;;;
01/12/2022;18:32:00;178;AC03-ACIDENTE SEM VÍTIMA;1035,004;BR-163/MT;Norte;Colisão Traseira;1;;;;;;;;;;1;;;;
02/12/2022;00:20:00;6;AC02-ACIDENTE COM VÍTIMA;514;BR-163/PA;Sul;Saida de Pista;1;;;;;;;;;;0;1;;;
02/12/2022;21:28:00;224;AC03-ACIDENTE SEM VÍTIMA;1033,781;BR-163/MT;Sul;Engavetamento;4;;;;;;;;;;4;;;;
03/12/2022;06:13:00;32;AC03-ACIDENTE SEM VÍTIMA;1030,332;BR-163/MT;Sul;Colisão Lateral;1;;1;;;;;;;;2;;;;
03/12/2022;13:05:00;126;AC02-ACIDENTE COM VÍTIMA;939;BR-163/MT;Norte;Queda de Moto;;;;1;;;;;;;0;;1;;
03/12/2022;16:30:00;166;AC03-ACIDENTE SEM VÍTIMA;444,994;BR-163/PA;Norte;Colisão Traseira;;;1;;;1;;;;;1;;;;
03/12/2022;19:01:00;180;AC02-ACIDENTE COM VÍTIMA;264;BR-163/PA;Norte;Choque - Veiculo parado no acostamento;1;;;;;1;;;;1;2;;1;;
03/12/2022;20:21:00;188;AC03-ACIDENTE SEM VÍTIMA;240;BR-163/PA;Sul;Colisão Lateral;;;1;;;;;;;;1;;;;
04/12/2022;06:25:00;30;AC03-ACIDENTE SEM VÍTIMA;157;BR-163/PA;Sul;Colisão Lateral;1;;;;;1;;;;;2;;;;
04/12/2022;21:45:00;166;AC03-ACIDENTE SEM VÍTIMA;317,74;BR-163/PA;Sul;Saida de Pista;;;2;;;;;;;;2;;;;
05/12/2022;13:13:00;146;AC03-ACIDENTE SEM VÍTIMA;1035;BR-163/MT;Norte;Colisão Traseira;;;;;1;;;;;1;26;;;;
05/12/2022;18:46:00;191;AC02-ACIDENTE COM VÍTIMA;274;BR-163/PA;Norte;Queda de Moto;;;;1;;;;;;;0;1;1;;
05/12/2022;23:21:00;211;AC02-ACIDENTE COM VÍTIMA;909,63;BR-163/MT;Norte;Tombamento;;;1;;;;;;;;0;1;;;
06/12/2022;05:40:00;21;AC02-ACIDENTE COM VÍTIMA;624,25;BR-163/PA;Sul;Queda de Moto;;;;1;;;;;;;1;1;;;
06/12/2022;13:25:00;144;AC03-ACIDENTE SEM VÍTIMA;417,401;BR-163/PA;Norte;Tombamento;;;1;;;;;;;;1;;;;
06/12/2022;17:00:00;187;AC03-ACIDENTE SEM VÍTIMA;1033,921;BR-163/MT;Norte;Choque - Veiculo parado na pista;;;2;;;;;;;;2;;;;
07/12/2022;03:22:00;27;AC02-ACIDENTE COM VÍTIMA;1102,445;BR-230/PA;Leste;Saida de Pista;;;1;;;;;;;;0;1;;;
07/12/2022;11:11:00;107;AC03-ACIDENTE SEM VÍTIMA;897;BR-163/MT;Norte;Choque - Defensa, barreira ou meio fio;;;1;;;;;;;;1;;;;
07/12/2022;16:55:00;184;AC03-ACIDENTE SEM VÍTIMA;326,083;BR-163/PA;Sul;Choque - Obstáculo Fixo;;;;1;;;;;;1;2;;;;
07/12/2022;17:41:00;195;AC03-ACIDENTE SEM VÍTIMA;881,985;BR-163/MT;Sul;Capotamento;1;;;;;;;;;;1;;;;
08/12/2022;10:57:00;103;AC03-ACIDENTE SEM VÍTIMA;1010,02;BR-163/MT;Norte;Colisão Traseira;;;1;;;1;;;;;1;;;;
08/12/2022;12:30:00;108;AC03-ACIDENTE SEM VÍTIMA;887,899;BR-163/MT;Sul;Capotamento;;;;;;;;;;1;1;;;;
08/12/2022;13:33:00;112;AC02-ACIDENTE COM VÍTIMA;893;BR-163/MT;Sul;Colisão Frontal;;;2;;;1;;;;;1;;1;1;
08/12/2022;18:15:00;152;AC02-ACIDENTE COM VÍTIMA;344;BR-163/PA;Norte;Colisão Traseira;;;;1;;1;;;;;1;;1;;
09/12/2022;08:17:00;59;AC03-ACIDENTE SEM VÍTIMA;953,3;BR-163/MT;Norte;Colisão Lateral;1;;;;;1;;;;;1;;;;
09/12/2022;09:31:00;89;AC03-ACIDENTE SEM VÍTIMA;973,969;BR-163/MT;Norte;Colisão Traseira;2;;;;;1;;;;;4;;;;
09/12/2022;08:17:00;93;AC03-ACIDENTE SEM VÍTIMA;956;BR-163/MT;Norte;Colisão Frontal;1;;;;;1;;;;;1;;;;
09/12/2022;12:46:00;127;AC02-ACIDENTE COM VÍTIMA;135,42;BR-163/PA;Norte;Colisão Traseira;;;2;;;;;;;;1;1;;;
09/12/2022;14:32:00;142;AC03-ACIDENTE SEM VÍTIMA;585;BR-163/PA;Norte;Tombamento;;;;;;1;;;;1;1;;;;
09/12/2022;20:46:00;189;AC03-ACIDENTE SEM VÍTIMA;200,587;BR-163/PA;Sul;Tombamento;;;;;;;;;;1;1;;;;
09/12/2022;22:06:00;198;AC01-ACIDENTE COM VÍTIMA FATAL;1115,186;BR-230/PA;Leste;Colisão Lateral;;;;1;;1;;;;;1;;;;2
10/12/2022;10:59:00;111;AC02-ACIDENTE COM VÍTIMA;1032,134;BR-163/MT;Sul;Colisão Frontal;;;;1;;;;;;1;1;1;;;
10/12/2022;14:15:00;148;AC03-ACIDENTE SEM VÍTIMA;432,66;BR-163/PA;Norte;Tombamento;;;1;;;1;;;;;2;;;;
10/12/2022;14:49:00;158;AC02-ACIDENTE COM VÍTIMA;320;BR-163/PA;Norte;Colisão Lateral;;;;1;;1;;;;;1;;1;;
10/12/2022;15:00:00;162;AC03-ACIDENTE SEM VÍTIMA;892,8;BR-163/MT;Norte;Colisão Traseira;1;;1;;;;;;;;2;;;;
10/12/2022;18:35:00;190;AC01-ACIDENTE COM VÍTIMA FATAL;589;BR-163/PA;Sul;Colisão Frontal;;;2;;;;;;;;0;;;1;1
10/12/2022;19:46:00;195;AC03-ACIDENTE SEM VÍTIMA;1114,01;BR-230/PA;Oeste;Tombamento;;;1;;;;;;;;1;;;;
11/12/2022;03:09:00;26;AC02-ACIDENTE COM VÍTIMA;308;BR-163/PA;Norte;Queda de Moto;1;;;;;;;;;;0;1;;;
11/12/2022;09:08:00;104;AC02-ACIDENTE COM VÍTIMA;208,42;BR-163/PA;Norte;Colisão Frontal;;;3;;;;;;;;2;3;;;
11/12/2022;12:15:00;132;AC02-ACIDENTE COM VÍTIMA;1113;BR-230/PA;Oeste;Colisão Lateral;;;2;;;;;;;;1;2;1;;
11/12/2022;22:34:00;221;AC03-ACIDENTE SEM VÍTIMA;1033;BR-163/MT;Sul;Colisão Lateral;2;;;;;;;;;;2;;;;
12/12/2022;14:10:00;128;AC01-ACIDENTE COM VÍTIMA FATAL;35,952;BR-163/PA;Norte;Choque - Veiculo parado no acostamento;;;2;;;2;;;;1;4;;1;;1
13/12/2022;08:04:00;61;AC03-ACIDENTE SEM VÍTIMA;423,371;BR-163/PA;Norte;Tombamento;;;1;;;1;;;;;1;;;;
13/12/2022;08:51:00;75;AC03-ACIDENTE SEM VÍTIMA;652,871;BR-163/PA;Norte;Tombamento;;;1;;;1;;;;;1;;;;
13/12/2022;09:57:00;94;AC03-ACIDENTE SEM VÍTIMA;656,396;BR-163/PA;Sul;Saida de Pista;;;1;;;;;;;;1;;;;
13/12/2022;19:10:00;153;AC03-ACIDENTE SEM VÍTIMA;951;BR-163/MT;Norte;Colisão Traseira;;;1;;;1;;;;;1;;;;
14/12/2022;06:23:00;24;AC02-ACIDENTE COM VÍTIMA;440,661;BR-163/PA;Sul;Tombamento;;;1;;;;;;;;0;1;;;
14/12/2022;08:35:00;48;AC03-ACIDENTE SEM VÍTIMA;1036;BR-163/MT;Sul;Saida de Pista;;;1;;;;;;;;1;;;;
14/12/2022;10:50:00;73;AC03-ACIDENTE SEM VÍTIMA;1035,055;BR-163/MT;Sul;Colisão Traseira;;;2;;;;;;;;2;;;;
14/12/2022;13:09:00;90;AC03-ACIDENTE SEM VÍTIMA;652;BR-163/PA;Sul;Tombamento;;;1;;;;;;;;1;;;;
14/12/2022;13:40:00;99;AC03-ACIDENTE SEM VÍTIMA;263;BR-163/PA;Norte;Tombamento;;;1;;;;;;;;1;;;;
14/12/2022;14:11:00;114;AC02-ACIDENTE COM VÍTIMA;1013;BR-163/MT;Norte;Colisão Traseira;1;;1;;;;;;;;1;1;;;
14/12/2022;15:41:00;128;AC03-ACIDENTE SEM VÍTIMA;1025,5;BR-163/MT;Sul;Colisão Traseira;1;;1;;;;;;;;2;;;;
14/12/2022;15:45:00;130;AC02-ACIDENTE COM VÍTIMA;42,587;BR-163/PA;Norte;Choque - Veiculo parado na pista;;;2;;;1;;;;;1;1;;;
14/12/2022;19:52:00;154;AC02-ACIDENTE COM VÍTIMA;1062,499;BR-163/MT;Sul;Colisão Traseira;2;;;;;;;;;;0;2;;;
15/12/2022;00:40:00;5;AC03-ACIDENTE SEM VÍTIMA;1126,15;BR-230/PA;Leste;Tombamento;;;1;;;;;;;;1;;;;
15/12/2022;02:04:00;16;AC02-ACIDENTE COM VÍTIMA;1033,936;BR-163/MT;Norte;Capotamento;1;;;;;;;;;;0;1;;;
15/12/2022;21:19:00;227;AC02-ACIDENTE COM VÍTIMA;172;BR-163/PA;Norte;Queda de Moto;;;;1;;;;;;;0;1;;;
16/12/2022;20:31:00;198;AC03-ACIDENTE SEM VÍTIMA;955,593;BR-163/MT;Sul;Colisão Lateral;1;;1;;;;;;;;2;;;;
17/12/2022;03:56:00;12;AC02-ACIDENTE COM VÍTIMA;104,089;BR-163/PA;Sul;Tombamento;;;1;;;2;;;;;2;2;1;;
17/12/2022;08:03:00;37;AC03-ACIDENTE SEM VÍTIMA;618;BR-163/PA;Norte;Tombamento;;;1;;;;;;;;1;;;;
17/12/2022;10:24:00;78;AC02-ACIDENTE COM VÍTIMA;670,276;BR-163/PA;Norte;Saida de Pista;1;;;;;;;;;;3;;1;;
17/12/2022;12:41:00;102;AC02-ACIDENTE COM VÍTIMA;381;BR-163/PA;Sul;Colisão Lateral;;;1;;;3;;;;1;1;1;;;
17/12/2022;18:08:00;151;AC02-ACIDENTE COM VÍTIMA;926,05;BR-163/MT;Sul;Queda de Moto;;;;1;;;;;;;0;2;;;
18/12/2022;10:17:00;81;AC03-ACIDENTE SEM VÍTIMA;1088;BR-163/MT;Sul;Tombamento;;;1;;;2;;;;;1;;;;
18/12/2022;15:05:00;137;AC01-ACIDENTE COM VÍTIMA FATAL;890,4;BR-163/MT;Sul;Atropelamento - Pedestre;;;;;;;;;;1;8;;;;1
18/12/2022;22:08:00;185;AC02-ACIDENTE COM VÍTIMA;573;BR-163/PA;Norte;Colisão Lateral;1;;1;;;;;;;;1;1;;;
19/12/2022;09:41:00;120;AC03-ACIDENTE SEM VÍTIMA;434;BR-163/PA;Norte;Tombamento;;;1;;;;;;;;1;;;;
19/12/2022;18:26:00;203;AC02-ACIDENTE COM VÍTIMA;1066,55;BR-163/MT;Sul;Colisão Lateral;;1;;1;;;;;;;1;1;;;
20/12/2022;01:10:00;18;AC03-ACIDENTE SEM VÍTIMA;908,2;BR-163/MT;Norte;Atropelamento de Animal;1;;;;;;;;;;2;;;;
20/12/2022;04:57:00;36;AC02-ACIDENTE COM VÍTIMA;995,802;BR-163/MT;Sul;Tombamento;;;2;;;;;;;;1;;1;;
20/12/2022;10:39:00;94;AC03-ACIDENTE SEM VÍTIMA;934,9;BR-163/MT;Sul;Saida de Pista;1;;;;;;;;;;4;;;;
20/12/2022;15:50:00;154;AC03-ACIDENTE SEM VÍTIMA;553,949;BR-163/PA;Sul;Choque - Obstáculo Fixo;;;1;;;2;;;;;1;;;;
21/12/2022;04:27:00;7;AC03-ACIDENTE SEM VÍTIMA;330;BR-163/PA;Norte;Atropelamento de Animal;1;;;;;;;;;;1;;;;
21/12/2022;09:53:00;21;AC03-ACIDENTE SEM VÍTIMA;935,739;BR-163/MT;Norte;Colisão Traseira;2;;;;;;;;;;4;;;;
22/12/2022;03:58:00;16;AC02-ACIDENTE COM VÍTIMA;581,926;BR-163/PA;Sul;Tombamento;;;1;;;;;;;;0;1;;;
22/12/2022;07:12:00;34;AC02-ACIDENTE COM VÍTIMA;270,077;BR-163/PA;Sul;Capotamento;1;;;;;;;;;;0;1;;;
22/12/2022;14:39:00;150;AC03-ACIDENTE SEM VÍTIMA;588,478;BR-163/PA;Sul;Tombamento;1;;;;;;;;;;3;;;;
22/12/2022;20:17:00;199;AC02-ACIDENTE COM VÍTIMA;936,8;BR-163/MT;Sul;Colisão Transversal;1;;1;;;;;;;;1;1;;;
23/12/2022;14:20:00;193;AC03-ACIDENTE SEM VÍTIMA;984,9;BR-163/MT;Norte;Choque - Arvore;;;;;;;;;;1;1;;;;
23/12/2022;15:15:00;202;AC03-ACIDENTE SEM VÍTIMA;936,014;BR-163/MT;Norte;Choque - Elemento de Drenagem;;;;;;;;;;1;4;;;;
23/12/2022;17:09:00;206;AC03-ACIDENTE SEM VÍTIMA;889,5;BR-163/MT;Sul;Engavetamento;2;;;;;;;;;1;9;;;;
23/12/2022;19:34:00;246;AC03-ACIDENTE SEM VÍTIMA;875;BR-163/MT;Norte;Saida de Pista;;;;;;;;;;1;2;;;;
23/12/2022;20:18:00;251;AC01-ACIDENTE COM VÍTIMA FATAL;978,817;BR-163/MT;Sul;Colisão Frontal;;;;;;;;;;2;0;2;;2;1
24/12/2022;00:45:00;14;AC03-ACIDENTE SEM VÍTIMA;597;BR-163/PA;Sul;Tombamento;;;1;;;;;;;;1;;;;
24/12/2022;03:20:00;27;AC03-ACIDENTE SEM VÍTIMA;856;BR-163/MT;Norte;Saida de Pista;1;;;;;;;;;;5;;;;
24/12/2022;10:16:00;92;AC03-ACIDENTE SEM VÍTIMA;250,665;BR-163/PA;Norte;Saida de Pista;1;;;;;;;;;;3;;;;
24/12/2022;16:23:00;154;AC02-ACIDENTE COM VÍTIMA;897,3;BR-163/MT;Norte;Queda de Moto;;;;1;;;;;;;0;;1;;
25/12/2022;12:09:00;55;AC02-ACIDENTE COM VÍTIMA;323,34;BR-163/PA;Norte;Tombamento;;;1;;;2;;;;;2;1;;;
25/12/2022;17:00:00;91;AC02-ACIDENTE COM VÍTIMA;427,8;BR-163/PA;Norte;Saida de Pista;1;;;;;;;;;;3;2;;;
25/12/2022;17:17:00;94;AC02-ACIDENTE COM VÍTIMA;1043,642;BR-163/MT;Norte;Engavetamento;1;;;;;2;;;;;2;1;;;
25/12/2022;22:02:00;119;AC03-ACIDENTE SEM VÍTIMA;943,636;BR-163/MT;Sul;Capotamento;1;;;;;;;;;;1;;;;
26/12/2022;02:30:00;11;AC03-ACIDENTE SEM VÍTIMA;1055,964;BR-163/MT;Norte;Saida de Pista;1;;;;;;;;;;1;;;;
26/12/2022;10:48:00;78;AC03-ACIDENTE SEM VÍTIMA;953,5;BR-163/MT;Norte;Tombamento;;;1;;;;;;;;2;;;;
26/12/2022;13:32:00;99;AC03-ACIDENTE SEM VÍTIMA;653;BR-163/PA;Norte;Tombamento;;;1;;;;;;;;1;;;;
26/12/2022;15:24:00;119;AC03-ACIDENTE SEM VÍTIMA;229,245;BR-163/PA;Norte;Colisão Traseira;;;1;;;1;;;;;1;;;;
27/12/2022;08:57:00;59;AC02-ACIDENTE COM VÍTIMA;621;BR-163/PA;Norte;Engavetamento;2;;1;;;;;;;;0;5;2;;
27/12/2022;21:18:00;178;AC02-ACIDENTE COM VÍTIMA;534,614;BR-163/PA;Norte;Queda de Moto;1;;;;;;;;;;0;1;;;
29/12/2022;14:00:00;117;AC03-ACIDENTE SEM VÍTIMA;23;BR-163/PA;Norte;Saida de Pista;1;;;;;;;;;;1;;;;
29/12/2022;19:52:00;153;AC01-ACIDENTE COM VÍTIMA FATAL;951,44;BR-163/MT;Sul;Colisão Frontal;;;1;;;;;;;1;0;1;;;1
30/12/2022;02:07:00;4;AC03-ACIDENTE SEM VÍTIMA;498,518;BR-163/PA;Sul;Colisão Lateral;1;;;;;;;;;;1;;;;
30/12/2022;17:14:00;80;AC02-ACIDENTE COM VÍTIMA;399,793;BR-163/PA;Norte;Colisão Frontal;1;;;;;;;;;1;0;1;1;1;
30/12/2022;18:21:00;83;AC02-ACIDENTE COM VÍTIMA;372;BR-163/PA;Sul;Colisão Lateral;1;;1;;;;;;;;1;;1;2;
30/12/2022;18:25:00;84;AC03-ACIDENTE SEM VÍTIMA;664,273;BR-163/PA;Norte;Capotamento;1;;;;;;;;;;5;;;;
31/12/2022;00:06:00;8;AC03-ACIDENTE SEM VÍTIMA;113,569;BR-163/PA;Norte;Colisão Traseira;;;;;;1;;;;1;1;;;;
31/12/2022;07:25:00;40;AC01-ACIDENTE COM VÍTIMA FATAL;1110,305;BR-163/MT;Sul;Capotamento;;;1;;;;;;;;0;;;1;2
31/12/2022;15:49:00;103;AC03-ACIDENTE SEM VÍTIMA;499,183;BR-163/PA;Norte;Choque - Obstáculo Fixo;;;1;;;;;;;;1;;;;
31/12/2022;18:56:00;125;AC02-ACIDENTE COM VÍTIMA;859;BR-163/MT;Sul;Colisão Traseira;1;;;1;;;;;;;0;5;;;
31/12/2022;19:31:00;129;AC02-ACIDENTE COM VÍTIMA;140,521;BR-163/PA;Norte;Atropelamento de Animal;;;;1;;;;;;;0;1;;;
31/12/2022;23:00:00;146;AC03-ACIDENTE SEM VÍTIMA;919,938;BR-163/MT;Norte;Saida de Pista;;;1;;;1;;;;;4;;;;
01/01/2023;01:43:00;17;AC02-ACIDENTE COM VÍTIMA;1111,216;BR-163/MT;Sul;Tombamento;;;1;;;;;;;;0;;;1;
01/01/2023;03:24:00;24;AC02-ACIDENTE COM VÍTIMA;1026,885;BR-163/MT;Norte;Atropelamento de Animal;1;;;;;;;;;;0;2;;;
01/01/2023;05:39:00;30;AC03-ACIDENTE SEM VÍTIMA;1056;BR-163/MT;Sul;Capotamento;1;;;;;;;;;;1;;;;
01/01/2023;10:15:00;66;AC03-ACIDENTE SEM VÍTIMA;205,671;BR-163/PA;Sul;Saida de Pista;;;1;;;1;;;;;2;;;;
01/01/2023;13:54:00;90;AC02-ACIDENTE COM VÍTIMA;923;BR-163/MT;Sul;Capotamento;1;;;;;;;;;;0;1;;;
02/01/2023;04:36:00;16;AC03-ACIDENTE SEM VÍTIMA;953,6;BR-163/MT;Sul;Atropelamento de Animal;1;;;;;;;;;;1;;;;
02/01/2023;06:08:00;23;AC03-ACIDENTE SEM VÍTIMA;900,1;BR-163/MT;Norte;Colisão Lateral;1;;1;;;;;;;;3;;;;
02/01/2023;07:11:00;33;AC03-ACIDENTE SEM VÍTIMA;916,678;BR-163/MT;Sul;Saida de Pista;1;;;;;;;;;;5;;;;
02/01/2023;09:30:00;70;AC02-ACIDENTE COM VÍTIMA;567,689;BR-163/PA;Norte;Queda de Moto;;;;1;;;;;;;0;2;;;
02/01/2023;16:25:00;141;AC03-ACIDENTE SEM VÍTIMA;946;BR-163/MT;Norte;Colisão Traseira;;;2;;;;;;;;2;;;;
02/01/2023;17:14:00;147;AC03-ACIDENTE SEM VÍTIMA;423,343;BR-163/PA;Norte;Tombamento;;;1;;;;;;;;1;;;;
03/01/2023;00:47:00;3;AC03-ACIDENTE SEM VÍTIMA;1100,927;BR-230/PA;Leste;Saida de Pista;1;;;;;;;;;;4;;;;
03/01/2023;11:04:00;139;AC03-ACIDENTE SEM VÍTIMA;558;BR-163/PA;Norte;Saida de Pista;1;;;;;;;;;;2;;;;
03/01/2023;15:45:00;202;AC03-ACIDENTE SEM VÍTIMA;399;BR-163/PA;Norte;Saida de Pista;1;;;;;;;;;;4;;;;
03/01/2023;16:47:00;215;AC02-ACIDENTE COM VÍTIMA;653;BR-163/PA;Norte;Capotamento;;;;;;;;;;1;1;1;;;
03/01/2023;17:51:00;228;AC03-ACIDENTE SEM VÍTIMA;937,48;BR-163/MT;Sul;Engavetamento;1;;;;;2;;;;;3;;;;
04/01/2023;06:58:00;25;AC02-ACIDENTE COM VÍTIMA;1035,052;BR-163/MT;Norte;Colisão Traseira;1;;;1;;;;;;;0;2;;;
04/01/2023;16:40:00;160;AC02-ACIDENTE COM VÍTIMA;339;BR-163/PA;Norte;Capotamento;1;;;;;;;;;;0;4;;;
05/01/2023;08:28:00;56;AC02-ACIDENTE COM VÍTIMA;927,684;BR-163/MT;Norte;Colisão Transversal;;;1;;;;;;;1;1;1;;;
05/01/2023;15:38:00;141;AC03-ACIDENTE SEM VÍTIMA;577,441;BR-163/PA;Norte;Colisão Lateral;;;2;;;4;;;;;7;;;;
05/01/2023;15:43:00;143;AC02-ACIDENTE COM VÍTIMA;1109,53;BR-163/MT;Norte;Tombamento;;;1;;;1;;;;;1;1;;;
05/01/2023;16:52:00;149;AC02-ACIDENTE COM VÍTIMA;104,815;BR-163/PA;Norte;Tombamento;;;1;;;;;;;;0;1;;;
06/01/2023;19:27:00;128;AC02-ACIDENTE COM VÍTIMA;1035,216;BR-163/MT;Norte;Colisão Lateral;1;;;1;;;;;;;1;;;1;
06/01/2023;21:21:00;140;AC02-ACIDENTE COM VÍTIMA;1067,715;BR-163/MT;Sul;Atropelamento de Animal;;;;1;;;;;;;0;1;;;
07/01/2023;02:05:00;15;AC02-ACIDENTE COM VÍTIMA;1114,675;BR-230/PA;Oeste;Queda de Moto;;;;1;;;;;;;2;1;;;
07/01/2023;10:11:00;96;AC03-ACIDENTE SEM VÍTIMA;953,289;BR-163/MT;Norte;Colisão Lateral;1;;1;;;;;;;;6;;;;
07/01/2023;11:14:00;122;AC02-ACIDENTE COM VÍTIMA;105,952;BR-163/PA;Norte;Tombamento;;;1;;;1;;;;;1;1;;;
08/01/2023;04:29:00;20;AC03-ACIDENTE SEM VÍTIMA;1041,18;BR-163/MT;Norte;Colisão Lateral;2;;;;;;;;;;3;;;;
08/01/2023;19:45:00;211;AC03-ACIDENTE SEM VÍTIMA;420;BR-163/PA;Norte;Saida de Pista;;;1;;;;;;;;1;;;;
09/01/2023;05:16:00;31;AC02-ACIDENTE COM VÍTIMA;1114,702;BR-230/PA;Leste;Queda de Moto;;;;1;;;;;;;0;1;;;
09/01/2023;06:59:00;40;AC03-ACIDENTE SEM VÍTIMA;160,2;BR-163/PA;Norte;Colisão Traseira;;;1;1;;;;;;;2;;;;
10/01/2023;17:17:00;154;AC03-ACIDENTE SEM VÍTIMA;1037,228;BR-163/MT;Norte;Engavetamento;3;;;;;;;;;;5;;;;
11/01/2023;11:42:00;147;AC01-ACIDENTE COM VÍTIMA FATAL;1079,85;BR-163/MT;Sul;Colisão Traseira;;;;1;;;;;;1;0;4;;;1
11/01/2023;14:55:00;175;AC03-ACIDENTE SEM VÍTIMA;897;BR-163/MT;Sul;Colisão Traseira;2;;;;;;;;;;2;;;;
12/01/2023;01:05:00;7;AC03-ACIDENTE SEM VÍTIMA;348,893;BR-163/PA;Norte;Tombamento;;;;;;;;;;1;1;;;;
12/01/2023;14:59:00;187;AC03-ACIDENTE SEM VÍTIMA;1113,208;BR-230/PA;Oeste;Tombamento;;;1;;;1;;;;;2;;;;
13/01/2023;10:23:00;78;AC03-ACIDENTE SEM VÍTIMA;171,338;BR-163/PA;Norte;Tombamento;;;1;;;;;;;;1;;;;
13/01/2023;19:23:00;133;AC03-ACIDENTE SEM VÍTIMA;915,776;BR-163/MT;Norte;Tombamento;;;1;;;2;;;;;3;;;;
14/01/2023;16:11:00;115;AC02-ACIDENTE COM VÍTIMA;1109,39;BR-163/MT;Norte;Tombamento;;;1;;;2;;;;;2;1;1;;
14/01/2023;19:37:00;139;AC03-ACIDENTE SEM VÍTIMA;314,451;BR-163/PA;Sul;Queda de Moto;;;;1;;;;;;;1;;;;
15/01/2023;00:47:00;7;AC03-ACIDENTE SEM VÍTIMA;1033;BR-163/MT;Sul;Colisão Traseira;1;;;;;;;;;1;4;;;;
15/01/2023;16:32:00;169;AC03-ACIDENTE SEM VÍTIMA;1033;BR-163/MT;Sul;Colisão Lateral;2;;;;;;;;;;2;;;;
15/01/2023;18:24:00;191;AC03-ACIDENTE SEM VÍTIMA;14,2;BR-163/PA;Norte;Saida de Pista;;;1;;;;;;;;2;;;;
16/01/2023;02:43:00;12;AC03-ACIDENTE SEM VÍTIMA;880,869;BR-163/MT;Norte;Tombamento;;;1;;;;;;;;1;;;;
16/01/2023;06:59:00;35;AC02-ACIDENTE COM VÍTIMA;916,76;BR-163/MT;Sul;Colisão Traseira;2;;;;;1;;;;;3;5;;;
16/01/2023;14:53:00;156;AC03-ACIDENTE SEM VÍTIMA;423;BR-163/PA;Norte;Tombamento;;;1;;;1;;;;;4;;;;
16/01/2023;19:46:00;184;AC02-ACIDENTE COM VÍTIMA;535,706;BR-163/PA;Norte;Queda de Moto;;;;1;;;;;;;0;;;1;
17/01/2023;05:14:00;28;AC02-ACIDENTE COM VÍTIMA;1005,543;BR-163/MT;Sul;Capotamento;1;;;;;;;;;;0;1;;;
17/01/2023;16:02:00;115;AC03-ACIDENTE SEM VÍTIMA;206,6;BR-163/PA;Sul;Colisão Traseira;;;;;;1;;;;1;3;;;;
17/01/2023;19:18:00;137;AC03-ACIDENTE SEM VÍTIMA;402,602;BR-163/PA;Norte;Tombamento;;;1;;;1;;;;;10;;;;
18/01/2023;05:44:00;23;AC02-ACIDENTE COM VÍTIMA;1043,278;BR-163/MT;Norte;Saida de Pista;1;;;;;;;;;;0;1;;;
18/01/2023;05:53:00;25;AC02-ACIDENTE COM VÍTIMA;591,181;BR-163/PA;Sul;Saida de Pista;;;;;;;;;;1;4;1;;;
18/01/2023;15:36:00;127;AC03-ACIDENTE SEM VÍTIMA;442,5;BR-163/PA;Norte;Tombamento;;;1;;;2;;;;;3;;;;
19/01/2023;04:08:00;15;AC02-ACIDENTE COM VÍTIMA;508,912;BR-163/PA;Sul;Saida de Pista;;;;;;;;;;1;0;1;;;
19/01/2023;15:42:00;133;AC03-ACIDENTE SEM VÍTIMA;402,936;BR-163/PA;Norte;Carreta deu L;;;1;;;1;;;;;8;;;;
20/01/2023;11:16:00;169;AC02-ACIDENTE COM VÍTIMA;916,112;BR-163/MT;Norte;Colisão Lateral;1;;1;;;;;;;;2;1;;;
20/01/2023;11:31:00;173;AC02-ACIDENTE COM VÍTIMA;1044,85;BR-163/MT;Sul;Colisão Frontal;;;;;;;;;;3;3;;1;;
20/01/2023;11:49:00;174;AC03-ACIDENTE SEM VÍTIMA;547,429;BR-163/PA;Norte;Tombamento;;;1;;;;;;;;1;;;;
20/01/2023;13:19:00;181;AC02-ACIDENTE COM VÍTIMA;396,939;BR-163/PA;Norte;Colisão Traseira;;;2;;;;;;;;1;;1;;
20/01/2023;14:23:00;189;AC03-ACIDENTE SEM VÍTIMA;1004,821;BR-163/MT;Norte;Tombamento;;;1;;;;;;;;1;;;;
20/01/2023;15:25:00;198;AC03-ACIDENTE SEM VÍTIMA;908;BR-163/MT;Sul;Engavetamento;1;;2;;;1;;;;;4;;;;
21/01/2023;06:24:00;28;AC03-ACIDENTE SEM VÍTIMA;1036,989;BR-163/MT;Norte;Colisão Lateral;1;;;;;1;;;;;2;;;;
21/01/2023;13:19:00;116;AC03-ACIDENTE SEM VÍTIMA;933,937;BR-163/MT;Norte;Colisão Lateral;1;;1;;;;;;;;2;;;;
22/01/2023;18:28:00;99;AC01-ACIDENTE COM VÍTIMA FATAL;977,594;BR-163/MT;Norte;Colisão Lateral;;;1;1;;1;;;;;2;;;;1
22/01/2023;18:38:00;101;AC02-ACIDENTE COM VÍTIMA;231,936;BR-163/PA;Sul;Colisão Frontal;1;;1;;;2;;;;;3;1;;;
22/01/2023;19:53:00;104;AC02-ACIDENTE COM VÍTIMA;295,012;BR-163/PA;Norte;Colisão Lateral;;;1;;;2;;;;1;3;1;;;
22/01/2023;22:54:00;116;AC02-ACIDENTE COM VÍTIMA;1113,053;BR-230/PA;Oeste;Queda de Moto;;;;1;;;;;;;0;;1;;
23/01/2023;00:34:00;3;AC02-ACIDENTE COM VÍTIMA;369;BR-163/PA;Norte;Queda de Moto;;;;1;;;;;;;0;1;;;
23/01/2023;03:18:00;14;AC03-ACIDENTE SEM VÍTIMA;919;BR-163/MT;Norte;Saida de Pista;1;;;;;;;;;;1;;;;
23/01/2023;14:57:00;161;AC03-ACIDENTE SEM VÍTIMA;936;BR-163/MT;Sul;Atropelamento de Animal;1;;;;;;;;;;1;;;;
24/01/2023;06:47:00;30;AC03-ACIDENTE SEM VÍTIMA;590,545;BR-163/PA;Norte;Tombamento;;;1;;;;;;;;1;;;;
24/01/2023;06:54:00;32;AC02-ACIDENTE COM VÍTIMA;376,173;BR-163/PA;Norte;Colisão Traseira;;;1;;;1;;;;;2;1;;;
24/01/2023;06:56:00;34;AC03-ACIDENTE SEM VÍTIMA;434,86;BR-163/PA;Sul;Tombamento;;;1;;;2;;;;;3;;;;
24/01/2023;13:32:00;124;AC03-ACIDENTE SEM VÍTIMA;403,522;BR-163/PA;Norte;Tombamento;;;1;;;1;;;;;2;;;;
24/01/2023;16:45:00;153;AC03-ACIDENTE SEM VÍTIMA;1063;BR-163/MT;Norte;Colisão Frontal;2;;;;;;;;;;6;;;;
25/01/2023;02:07:00;15;AC03-ACIDENTE SEM VÍTIMA;434,498;BR-163/PA;Norte;Tombamento;;;1;;;2;;;;;11;;;;
25/01/2023;08:44:00;79;AC03-ACIDENTE SEM VÍTIMA;602;BR-163/PA;Sul;Saida de Pista;;;1;;;;;;;;1;;;;
25/01/2023;17:23:00;193;AC03-ACIDENTE SEM VÍTIMA;909;BR-163/MT;Norte;Saida de Pista;;;2;;;;;;;;2;;;;
25/01/2023;19:43:00;207;AC02-ACIDENTE COM VÍTIMA;411;BR-163/PA;Norte;Queda de Moto;;;;1;;1;;;;;1;2;;;
26/01/2023;09:12:00;60;AC03-ACIDENTE SEM VÍTIMA;940,158;BR-163/MT;Norte;Saida de Pista;;;1;;;;;;;;1;;;;
26/01/2023;15:18:00;126;AC03-ACIDENTE SEM VÍTIMA;632;BR-163/PA;Norte;Colisão Lateral;;;1;;1;;;;;;5;;;;
26/01/2023;16:31:00;136;AC03-ACIDENTE SEM VÍTIMA;448,392;BR-163/PA;Norte;Saida de Pista;;;1;;;1;;;;;2;;;;
27/01/2023;13:13:00;180;AC02-ACIDENTE COM VÍTIMA;402,994;BR-163/PA;Norte;Colisão Frontal;;;2;;;2;;;;;3;;;2;
27/01/2023;22:28:00;280;AC03-ACIDENTE SEM VÍTIMA;922;BR-163/MT;Sul;Atropelamento de Animal;;;1;;;;;;;1;2;;;;
27/01/2023;22:33:00;281;AC02-ACIDENTE COM VÍTIMA;500,465;BR-163/PA;Norte;Colisão Lateral;;;2;;;2;;;;;3;1;;;
28/01/2023;00:37:00;8;AC01-ACIDENTE COM VÍTIMA FATAL;158;BR-163/PA;Sul;Atropelamento - Sem Informação;;;1;1;;;;;;;1;;;;1
28/01/2023;06:32:00;29;AC01-ACIDENTE COM VÍTIMA FATAL;1113,224;BR-230/PA;Oeste;Tombamento;;;1;;;;;;;1;1;;;;1
28/01/2023;07:35:00;39;AC02-ACIDENTE COM VÍTIMA;252;BR-163/PA;Norte;Choque - Defensa, barreira ou meio fio;;;;;;2;;;;1;2;1;;;
28/01/2023;09:27:00;90;AC02-ACIDENTE COM VÍTIMA;36,155;BR-163/PA;Norte;Tombamento;;;1;;;1;;;;;9;1;;;
28/01/2023;14:57:00;147;AC02-ACIDENTE COM VÍTIMA;991,08;BR-163/MT;Sul;Colisão Traseira;;;2;;;4;;;;;5;;1;;
29/01/2023;09:18:00;63;AC03-ACIDENTE SEM VÍTIMA;306,387;BR-163/PA;Sul;Tombamento;;;1;;;2;;;;;3;;;;
29/01/2023;23:13:00;171;AC02-ACIDENTE COM VÍTIMA;410,835;BR-163/PA;Sul;Queda de Moto;;;;1;;;;;;;0;;1;;
30/01/2023;12:55:00;99;AC02-ACIDENTE COM VÍTIMA;1048,509;BR-163/MT;Norte;Colisão Traseira;2;;;;;;;;;;1;1;;;
30/01/2023;14:32:00;110;AC03-ACIDENTE SEM VÍTIMA;249,76;BR-163/PA;Norte;Colisão Lateral;;;2;;;;;;;;2;;;;
30/01/2023;16:19:00;127;AC03-ACIDENTE SEM VÍTIMA;442,585;BR-163/PA;Norte;Tombamento;;;1;;;;;;;;1;;;;
30/01/2023;17:01:00;135;AC02-ACIDENTE COM VÍTIMA;1065,664;BR-163/MT;Norte;Colisão Transversal;;;;1;;;;;;1;1;1;;;
30/01/2023;18:16:00;148;AC03-ACIDENTE SEM VÍTIMA;277;BR-163/PA;Sul;Capotamento;1;;;;;;;;;;1;;;;
30/01/2023;18:42:00;149;AC02-ACIDENTE COM VÍTIMA;1034;BR-163/MT;Sul;Colisão Transversal;1;;;1;;;;;;;1;;1;;
30/01/2023;18:49:00;151;AC03-ACIDENTE SEM VÍTIMA;1029,939;BR-163/MT;Norte;Colisão Transversal;2;;;;;;;;;;6;;;;
31/01/2023;03:12:00;10;AC03-ACIDENTE SEM VÍTIMA;1054,526;BR-163/MT;Norte;Atropelamento de Animal;;;1;;;2;;;;;3;;;;
31/01/2023;04:43:00;15;AC01-ACIDENTE COM VÍTIMA FATAL;1110,262;BR-163/MT;Norte;Capotamento;;;1;;;;;;;;0;1;;;1
31/01/2023;10:12:00;81;AC02-ACIDENTE COM VÍTIMA;257,681;BR-163/PA;Sul;Saida de Pista;;;;;;;;;;1;0;1;;;
31/01/2023;11:48:00;106;AC02-ACIDENTE COM VÍTIMA;987,26;BR-163/MT;Norte;Colisão Lateral;1;;1;;;;;;;;4;;1;;
31/01/2023;16:37:00;175;AC03-ACIDENTE SEM VÍTIMA;998,599;BR-163/MT;Sul;Saida de Pista;;;1;;;1;;;;;2;;;;
01/02/2023;15:14:00;157;AC03-ACIDENTE SEM VÍTIMA;917,556;BR-163/MT;Norte;Saida de Pista;;;;;;;;;;1;1;;;;
01/02/2023;17:44:00;183;AC02-ACIDENTE COM VÍTIMA;619,9;BR-163/PA;Norte;Capotamento;1;;;;;;;;;;0;;1;;
01/02/2023;18:19:00;188;AC03-ACIDENTE SEM VÍTIMA;114,895;BR-163/PA;Norte;Saida de Pista;;;1;;;;;;;;1;;;;
01/02/2023;21:23:00;202;AC02-ACIDENTE COM VÍTIMA;993,393;BR-163/MT;Sul;Atropelamento - Pedestre;;;;;;;;;;1;2;;1;;
01/02/2023;21:42:00;207;AC02-ACIDENTE COM VÍTIMA;644,77;BR-163/PA;Sul;Queda de Moto;;;;1;;;;;;;0;1;;;
02/02/2023;14:28:00;157;AC02-ACIDENTE COM VÍTIMA;655,124;BR-163/PA;Sul;Colisão Frontal;;;2;;;;;;;;1;1;;;
02/02/2023;14:50:00;158;AC02-ACIDENTE COM VÍTIMA;1035,029;BR-163/MT;Sul;Colisão Traseira;;;;1;;;;;;1;1;;1;;
03/02/2023;07:16:00;33;AC02-ACIDENTE COM VÍTIMA;589;BR-163/PA;Norte;Colisão Lateral;;;4;;;3;;;;;4;2;1;;
03/02/2023;07:23:00;35;AC02-ACIDENTE COM VÍTIMA;89,29;BR-163/PA;Sul;Tombamento;;;1;;;;;;;;0;1;;;
03/02/2023;10:38:00;79;AC03-ACIDENTE SEM VÍTIMA;861;BR-163/MT;Sul;Colisão Traseira;;;1;;;;;;;1;3;;;;
03/02/2023;12:21:00;89;AC02-ACIDENTE COM VÍTIMA;621,95;BR-163/PA;Norte;Tombamento;;;1;;;1;;;;;1;;1;;
03/02/2023;14:55:00;98;AC02-ACIDENTE COM VÍTIMA;924;BR-163/MT;Norte;Queda de Moto;;;;1;;;;;;;0;1;;;
03/02/2023;15:44:00;105;AC03-ACIDENTE SEM VÍTIMA;630,9;BR-163/PA;Norte;Colisão Lateral;;;3;;;;;;;;3;;;;
03/02/2023;17:18:00;112;AC01-ACIDENTE COM VÍTIMA FATAL;520;BR-163/PA;Norte;Colisão Lateral;;;1;1;;;;;;;1;;;;1
03/02/2023;17:50:00;115;AC03-ACIDENTE SEM VÍTIMA;262,6;BR-163/PA;Sul;Tombamento;;;1;;;;;;;;1;;;;
04/02/2023;05:46:00;20;AC03-ACIDENTE SEM VÍTIMA;945,887;BR-163/MT;Sul;Carreta deu L;;;1;;;;;;;;1;;;;
04/02/2023;14:06:00;139;AC02-ACIDENTE COM VÍTIMA;1114,497;BR-163/MT;Sul;Colisão Transversal;;;1;;;;;;;1;1;;2;;
04/02/2023;20:14:00;178;AC02-ACIDENTE COM VÍTIMA;319,119;BR-163/PA;Norte;Queda de Moto;;;;1;;;;;;;0;2;;;
04/02/2023;21:43:00;187;AC01-ACIDENTE COM VÍTIMA FATAL;53,1;BR-163/PA;Norte;Colisão Traseira;;;1;1;;;;;;;1;;;;1
05/02/2023;05:25:00;32;AC01-ACIDENTE COM VÍTIMA FATAL;1055,92;BR-163/MT;Norte;Colisão Frontal;1;;;1;;;;;;;0;;1;;1
05/02/2023;07:14:00;41;AC03-ACIDENTE SEM VÍTIMA;469,133;BR-163/PA;Sul;Tombamento;;;1;;;;;;;;9;;;;
05/02/2023;15:21:00;105;AC02-ACIDENTE COM VÍTIMA;52,637;BR-163/PA;Sul;Queda de Moto;;;;1;;;;;;;0;1;;;
05/02/2023;16:45:00;133;AC03-ACIDENTE SEM VÍTIMA;447;BR-163/PA;Sul;Tombamento;;;1;;;1;;;;;10;;;;
05/02/2023;16:50:00;134;AC03-ACIDENTE SEM VÍTIMA;1100,1;BR-230/PA;Oeste;Tombamento;;;1;;;;;;;;1;;;;
06/02/2023;09:56:00;76;AC02-ACIDENTE COM VÍTIMA;83,528;BR-163/PA;Norte;Colisão Lateral;;;2;;;4;;;;;4;2;;;
06/02/2023;18:50:00;165;AC03-ACIDENTE SEM VÍTIMA;30,79;BR-163/PA;Norte;Colisão Lateral;;;1;;;;;;;1;3;;;;
06/02/2023;20:08:00;180;AC03-ACIDENTE SEM VÍTIMA;1037,52;BR-163/MT;Sul;Colisão Traseira;;;1;;;1;;;;;2;;;;
08/02/2023;04:01:00;22;AC02-ACIDENTE COM VÍTIMA;921,87;BR-163/MT;Norte;Colisão Lateral;;;2;;;;;;;;1;;1;;
08/02/2023;06:04:00;28;AC02-ACIDENTE COM VÍTIMA;104,852;BR-163/PA;Norte;Tombamento;;;1;;;1;;;;;7;;1;;
08/02/2023;00:00:00;223;AC02-ACIDENTE COM VÍTIMA;104;BR-163/PA;Sul;Tombamento;;;1;;;;;;;;8;;1;;
09/02/2023;15:01:00;111;AC03-ACIDENTE SEM VÍTIMA;904,574;BR-163/MT;Norte;Engavetamento;2;;2;;;;;;;;7;;;;
09/02/2023;15:00:00;113;AC03-ACIDENTE SEM VÍTIMA;956;BR-163/MT;Sul;Tombamento;;;1;;;1;;;;;2;;;;
09/02/2023;19:10:00;147;AC03-ACIDENTE SEM VÍTIMA;562;BR-163/PA;Norte;Tombamento;;;2;;;;;;;;3;;;;
09/02/2023;20:03:00;153;AC02-ACIDENTE COM VÍTIMA;121;BR-163/PA;Norte;Colisão Transversal;;;;1;;1;;;;;1;;1;;
10/02/2023;02:37:00;9;AC01-ACIDENTE COM VÍTIMA FATAL;410,798;BR-163/PA;Sul;Capotamento;1;;;;;;;;;;0;2;;;1
10/02/2023;05:25:00;16;AC02-ACIDENTE COM VÍTIMA;1111,515;BR-230/PA;Oeste;Colisão Traseira;;;2;;;;;;;;1;1;;;
10/02/2023;12:15:00;118;AC03-ACIDENTE SEM VÍTIMA;1111,4;BR-163/MT;Sul;Colisão Lateral;;;1;;;;;;;1;2;;;;
10/02/2023;21:24:00;189;AC03-ACIDENTE SEM VÍTIMA;1061,446;BR-163/MT;Sul;Tombamento;;;1;;;1;;;;;2;;;;
10/02/2023;22:16:00;196;AC03-ACIDENTE SEM VÍTIMA;200,141;BR-163/PA;Norte;Colisão Traseira;;;1;;;1;;;;;3;;;;
10/02/2023;22:23:00;197;AC02-ACIDENTE COM VÍTIMA;104,863;BR-163/PA;Norte;Queda de Moto;;;;1;;;;;;;0;;1;;
11/02/2023;02:48:00;14;AC02-ACIDENTE COM VÍTIMA;1030,499;BR-163/MT;Norte;Colisão Lateral;1;;;1;;;;;;;1;1;;;
11/02/2023;09:40:00;85;AC03-ACIDENTE SEM VÍTIMA;433,972;BR-163/PA;Norte;Tombamento;;;1;;;;;;;;3;;;;
11/02/2023;10:17:00;95;AC03-ACIDENTE SEM VÍTIMA;251,272;BR-163/PA;Norte;Tombamento;;;1;;;;;;;;1;;;;
11/02/2023;15:14:00;150;AC03-ACIDENTE SEM VÍTIMA;1048;BR-163/MT;Norte;Colisão Traseira;1;;1;;;;;;;1;8;;;;
11/02/2023;18:03:00;174;AC02-ACIDENTE COM VÍTIMA;616,325;BR-163/PA;Sul;Colisão Lateral;;;2;;;1;;;;;1;2;;;
12/02/2023;12:41:00;164;AC02-ACIDENTE COM VÍTIMA;119,152;BR-163/PA;Sul;Tombamento;;;1;;;;;;;;0;1;;;
12/02/2023;14:25:00;190;AC03-ACIDENTE SEM VÍTIMA;653,088;BR-163/PA;Sul;Tombamento;;;1;;;1;;;;;3;;;;
12/02/2023;16:13:00;203;AC03-ACIDENTE SEM VÍTIMA;482,514;BR-163/PA;Norte;Colisão Traseira;;;1;;;1;;;;;2;;;;
12/02/2023;23:34:00;248;AC02-ACIDENTE COM VÍTIMA;1068,672;BR-163/MT;Sul;Saida de Pista;1;;;;;;;;;;0;4;;;
13/02/2023;07:21:00;70;AC03-ACIDENTE SEM VÍTIMA;226,365;BR-163/PA;Sul;Colisão Traseira;;;1;;;1;;;;;2;;;;
13/02/2023;07:57:00;85;AC03-ACIDENTE SEM VÍTIMA;139,908;BR-163/PA;Norte;Colisão Traseira;;;1;;;2;;;;;11;;;;
14/02/2023;10:52:00;163;AC02-ACIDENTE COM VÍTIMA;577;BR-163/PA;Norte;Colisão Traseira;;;3;;;2;;;;;4;1;;;
14/02/2023;12:40:00;185;AC02-ACIDENTE COM VÍTIMA;1110,5;BR-163/MT;Norte;Colisão Traseira;;;2;;;1;;;;;1;2;;;
15/02/2023;23:14:00;232;AC03-ACIDENTE SEM VÍTIMA;137,551;BR-163/PA;Norte;Saida de Pista;1;;;;;;;;;;1;;;;
16/02/2023;10:45:00;54;AC02-ACIDENTE COM VÍTIMA;263;BR-163/PA;Norte;Tombamento;;;1;;;1;;;;;9;1;;;
16/02/2023;15:16:00;91;AC03-ACIDENTE SEM VÍTIMA;1068,45;BR-163/MT;Sul;Tombamento;;;;;;;;;;1;2;;;;
16/02/2023;16:59:00;122;AC02-ACIDENTE COM VÍTIMA;163;BR-163/PA;Sul;Capotamento;;;;;;;;;;1;0;1;;;
16/02/2023;19:24:00;138;AC03-ACIDENTE SEM VÍTIMA;882;BR-163/MT;Sul;Colisão Lateral;1;;1;;;;;;;;6;;;;
16/02/2023;20:52:00;144;AC02-ACIDENTE COM VÍTIMA;515,961;BR-163/PA;Norte;Queda de Moto;;;;1;;;;;;;0;2;;;
16/02/2023;20:40:00;146;AC02-ACIDENTE COM VÍTIMA;1030,096;BR-163/MT;Norte;Colisão Lateral;;;;1;;1;;;;;1;;;1;
17/02/2023;12:22:00;123;AC02-ACIDENTE COM VÍTIMA;1124,998;BR-230/PA;Oeste;Capotamento;;;;;;;;;;1;0;1;;;
17/02/2023;14:57:00;142;AC02-ACIDENTE COM VÍTIMA;1008,514;BR-163/MT;Norte;Colisão Lateral;;;2;;;4;;;;;4;2;;;
17/02/2023;15:16:00;144;AC02-ACIDENTE COM VÍTIMA;301;BR-163/PA;Norte;Colisão Traseira;;;;1;;1;;;;;1;;1;;
18/02/2023;14:04:00;179;AC03-ACIDENTE SEM VÍTIMA;598,715;BR-163/PA;Sul;Saida de Pista;;;1;;;1;;;;;4;;;;
19/02/2023;00:34:00;7;AC02-ACIDENTE COM VÍTIMA;924,712;BR-163/MT;Norte;Tombamento;;;;;1;;;;;;32;2;1;;
19/02/2023;13:31:00;168;AC03-ACIDENTE SEM VÍTIMA;618,628;BR-163/PA;Norte;Tombamento;;;1;;;2;;;;;3;;;;
19/02/2023;13:51:00;172;AC02-ACIDENTE COM VÍTIMA;600;BR-163/PA;Sul;Colisão Traseira;;;2;;;2;;;;;4;1;;;
19/02/2023;13:55:00;174;AC03-ACIDENTE SEM VÍTIMA;7,587;BR-163/PA;Sul;Saida de Pista;;;1;;;;;;;;1;;;;
19/02/2023;15:00:00;181;AC03-ACIDENTE SEM VÍTIMA;42,668;BR-163/PA;Norte;Tombamento;;;1;;;1;;;;;3;;;;
19/02/2023;16:13:00;190;AC03-ACIDENTE SEM VÍTIMA;487,418;BR-163/PA;Sul;Colisão Lateral;1;;;;;1;;;;;6;;;;
19/02/2023;17:30:00;195;AC02-ACIDENTE COM VÍTIMA;514,021;BR-163/PA;Norte;Saida de Pista;;;1;;;2;;;;;2;1;;;
20/02/2023;05:04:00;16;AC02-ACIDENTE COM VÍTIMA;502,186;BR-163/PA;Norte;Tombamento;;;1;;;2;;;;;2;1;;;
20/02/2023;12:09:00;104;AC02-ACIDENTE COM VÍTIMA;865;BR-163/MT;Sul;Capotamento;;;;;;;;;;1;0;1;2;;
20/02/2023;13:12:00;111;AC02-ACIDENTE COM VÍTIMA;396,2;BR-163/PA;Norte;Colisão Lateral;;;2;;;2;;;;;2;2;;;
20/02/2023;16:49:00;156;AC03-ACIDENTE SEM VÍTIMA;469,5;BR-163/PA;Norte;Colisão Lateral;;;1;;;2;;;;;4;;;;
20/02/2023;19:12:00;171;AC02-ACIDENTE COM VÍTIMA;1037,65;BR-163/MT;Sul;Colisão Traseira;;;;;;1;;;;1;2;1;;;
20/02/2023;19:53:00;175;AC03-ACIDENTE SEM VÍTIMA;182,034;BR-163/PA;Sul;Saida de Pista;;;1;;;;;;;;1;;;;
21/02/2023;05:11:00;30;AC02-ACIDENTE COM VÍTIMA;499,438;BR-163/PA;Norte;Tombamento;;;1;;;1;;;;;1;1;;;
21/02/2023;08:17:00;65;AC02-ACIDENTE COM VÍTIMA;618,76;BR-163/PA;Norte;Tombamento;;;1;;;1;;;;;1;1;;;
22/02/2023;03:36:00;33;AC03-ACIDENTE SEM VÍTIMA;1120,876;BR-230/PA;Leste;Saida de Pista;1;;;;;;;;;;1;;;;
22/02/2023;03:40:00;34;AC02-ACIDENTE COM VÍTIMA;1121;BR-230/PA;Leste;Colisão Lateral;;;2;;;5;;;;;6;1;;;
22/02/2023;04:23:00;39;AC02-ACIDENTE COM VÍTIMA;1121,3;BR-230/PA;Leste;Colisão Traseira;;;2;;;3;;;;;0;1;1;;
22/02/2023;13:08:00;150;AC03-ACIDENTE SEM VÍTIMA;420,138;BR-163/PA;Norte;Colisão Traseira;;;;;;1;;;;1;2;;;;
22/02/2023;15:20:00;167;AC02-ACIDENTE COM VÍTIMA;1050,982;BR-163/MT;Sul;Saida de Pista;;;1;;;;;;;;0;1;;;
23/02/2023;04:07:00;14;AC02-ACIDENTE COM VÍTIMA;500,381;BR-163/PA;Norte;Tombamento;;;1;;;1;;;;;2;1;;;
23/02/2023;09:18:00;68;AC03-ACIDENTE SEM VÍTIMA;466,918;BR-163/PA;Norte;Tombamento;;;1;;;1;;;;;2;;;;
23/02/2023;13:47:00;121;AC02-ACIDENTE COM VÍTIMA;654,621;BR-163/PA;Norte;Tombamento;;;1;;;;;;;;0;1;;;
23/02/2023;19:39:00;171;AC03-ACIDENTE SEM VÍTIMA;323,465;BR-163/PA;Norte;Colisão Lateral;1;;;;;1;;;;;3;;;;
24/02/2023;10:31:00;86;AC02-ACIDENTE COM VÍTIMA;84,227;BR-163/PA;Sul;Colisão Lateral;;;1;;;2;;;;1;2;2;;;
24/02/2023;19:05:00;149;AC03-ACIDENTE SEM VÍTIMA;954,24;BR-163/MT;Norte;Engavetamento;1;;;;;1;;;;1;4;;;;
25/02/2023;07:18:00;38;AC02-ACIDENTE COM VÍTIMA;455,692;BR-163/PA;Sul;Choque - Outros;;;;;;;;;;1;0;1;;;
25/02/2023;16:17:00;138;AC03-ACIDENTE SEM VÍTIMA;854,653;BR-163/MT;Sul;Colisão Lateral;;;1;;;;;;;1;5;;;;
27/02/2023;07:47:00;46;AC02-ACIDENTE COM VÍTIMA;1041,833;BR-163/MT;Norte;Colisão Transversal;1;;;;;;;;;1;1;3;;;
27/02/2023;08:15:00;61;AC02-ACIDENTE COM VÍTIMA;959,056;BR-163/MT;Norte;Colisão Transversal;;;1;;;;;;;1;0;2;;;
27/02/2023;12:32:00;118;AC02-ACIDENTE COM VÍTIMA;305,587;BR-163/PA;Norte;Engavetamento;;;2;;;2;;;;1;11;5;;;
27/02/2023;20:30:00;177;AC02-ACIDENTE COM VÍTIMA;1025,037;BR-163/MT;Norte;Atropelamento de Animal;;;;;;;;;;1;0;1;;;
28/02/2023;15:24:00;193;AC02-ACIDENTE COM VÍTIMA;612,742;BR-163/PA;Norte;Colisão Lateral;;;;;;1;;;;1;1;2;;;
28/02/2023;15:59:00;198;AC02-ACIDENTE COM VÍTIMA;402,9;BR-163/PA;Norte;Tombamento;;;1;;;2;;;;;2;1;;;
28/02/2023;18:19:00;211;AC02-ACIDENTE COM VÍTIMA;435,885;BR-163/PA;Norte;Tombamento;;;1;;;1;;;;;7;1;;;
28/02/2023;19:15:00;213;AC02-ACIDENTE COM VÍTIMA;873,088;BR-163/MT;Norte;Saida de Pista;;;;;;;;;;1;0;;1;;
28/02/2023;20:41:00;228;AC03-ACIDENTE SEM VÍTIMA;622;BR-163/PA;Sul;Choque - Outros;;;;;;;;;;1;1;;;;
28/02/2023;23:22:00;250;AC02-ACIDENTE COM VÍTIMA;225,136;BR-163/PA;Sul;Queda de Moto;;;;1;;;;;;;0;;1;;
01/03/2023;06:19:00;32;AC03-ACIDENTE SEM VÍTIMA;159,4;BR-163/PA;Norte;Colisão Traseira;;;1;;;3;;;;;6;;;;
01/03/2023;16:41:00;176;AC02-ACIDENTE COM VÍTIMA;1101,686;BR-230/PA;Oeste;Colisão Traseira;;;1;;1;2;;;;;7;3;;1;
02/03/2023;04:00:00;21;AC02-ACIDENTE COM VÍTIMA;1113,187;BR-230/PA;Leste;Tombamento;;;1;;;;;;;;0;1;;;
02/03/2023;12:44:00;130;AC03-ACIDENTE SEM VÍTIMA;602,705;BR-163/PA;Norte;Colisão Lateral;;;2;;;;;;;;2;;;;
02/03/2023;13:36:00;136;AC02-ACIDENTE COM VÍTIMA;1109,05;BR-230/PA;Oeste;Choque - Defensa, barreira ou meio fio;;;;;;;;;;1;0;1;;;
03/03/2023;08:10:00;63;AC02-ACIDENTE COM VÍTIMA;858,893;BR-163/MT;Norte;Queda de Moto;;;;1;;;;;;;0;1;;;
03/03/2023;11:15:00;125;AC03-ACIDENTE SEM VÍTIMA;938,95;BR-163/MT;Sul;Colisão Traseira;;;2;;;;;;;;2;;;;
03/03/2023;12:54:00;136;AC02-ACIDENTE COM VÍTIMA;898,301;BR-163/MT;Norte;Tombamento;;;1;;;;;;;;0;1;;;
03/03/2023;14:03:00;148;AC02-ACIDENTE COM VÍTIMA;356,6;BR-163/PA;Norte;Colisão Traseira;;;1;;;1;;;;;1;1;;;
03/03/2023;14:40:00;155;AC02-ACIDENTE COM VÍTIMA;653,167;BR-163/PA;Sul;Tombamento;;;1;;;2;;;;;2;1;;;
03/03/2023;17:43:00;182;AC02-ACIDENTE COM VÍTIMA;589;BR-163/PA;Norte;Colisão Lateral;1;;1;;;1;;;;;1;2;;;
04/03/2023;05:18:00;32;AC01-ACIDENTE COM VÍTIMA FATAL;587,818;BR-163/PA;Norte;Atropelamento de Animal;;;;1;;;;;;;0;;;;1
04/03/2023;06:24:00;36;AC02-ACIDENTE COM VÍTIMA;665,699;BR-163/PA;Norte;Tombamento;;;1;;;;;;;;0;1;;;
04/03/2023;10:31:00;114;AC02-ACIDENTE COM VÍTIMA;576;BR-163/PA;Norte;Colisão Lateral;;;3;;;4;;;;;4;3;;;
04/03/2023;15:50:00;154;AC02-ACIDENTE COM VÍTIMA;669,411;BR-163/PA;Norte;Tombamento;;;1;;;;;;;;0;1;;;
04/03/2023;17:22:00;174;AC02-ACIDENTE COM VÍTIMA;1102,5;BR-163/MT;Norte;Capotamento;;;1;;;;;;;;0;;1;;
04/03/2023;17:30:00;175;AC02-ACIDENTE COM VÍTIMA;615;BR-163/PA;Norte;Tombamento;;;1;;;;;;;;0;1;;;
04/03/2023;19:29:00;185;AC03-ACIDENTE SEM VÍTIMA;249,193;BR-163/PA;Sul;Atropelamento de Animal;;;;;;;;;;1;1;;;;
05/03/2023;03:48:00;32;AC02-ACIDENTE COM VÍTIMA;159;BR-163/PA;Norte;Colisão Lateral;;;1;1;;;;;;;1;;1;;
05/03/2023;04:59:00;38;AC02-ACIDENTE COM VÍTIMA;325,807;BR-163/PA;Norte;Saida de Pista;1;;;;;;;;;;0;5;;;
05/03/2023;07:56:00;63;AC02-ACIDENTE COM VÍTIMA;203,572;BR-163/PA;Norte;Atropelamento - Funcionário;;;1;;;;;;;;1;1;;;
05/03/2023;17:56:00;159;AC02-ACIDENTE COM VÍTIMA;652,356;BR-163/PA;Norte;Capotamento;;;1;;;;;;;;0;;1;;
06/03/2023;08:31:00;85;AC02-ACIDENTE COM VÍTIMA;366,8;BR-163/PA;Norte;Saida de Pista;1;;;;;1;;;;;1;1;;;
07/03/2023;11:29:00;112;AC02-ACIDENTE COM VÍTIMA;1110,3;BR-163/MT;Sul;Tombamento;;;1;;;2;;;;;2;;2;;
07/03/2023;14:31:00;140;AC02-ACIDENTE COM VÍTIMA;432;BR-163/PA;Norte;Tombamento;;;1;;;;;;;;0;;1;;
07/03/2023;15:50:00;150;AC03-ACIDENTE SEM VÍTIMA;547,609;BR-163/PA;Norte;Choque - Defensa, barreira ou meio fio;;;;;;;;;;1;2;;;;
07/03/2023;16:00:00;152;AC01-ACIDENTE COM VÍTIMA FATAL;167,982;BR-163/PA;Norte;Colisão Frontal;1;;;;;;;;;1;0;;1;;1
08/03/2023;04:53:00;20;AC02-ACIDENTE COM VÍTIMA;653;BR-163/PA;Sul;Saida de Pista;;;1;;;2;;;;;2;1;;;
08/03/2023;06:21:00;23;AC02-ACIDENTE COM VÍTIMA;1088,678;BR-163/MT;Sul;Choque - Defensa, barreira ou meio fio;;;1;;;1;;;;;1;1;;;
08/03/2023;08:49:00;43;AC03-ACIDENTE SEM VÍTIMA;997,572;BR-163/MT;Norte;Tombamento;;;1;;;1;;;;;2;;;;
08/03/2023;10:36:00;61;AC02-ACIDENTE COM VÍTIMA;265,374;BR-163/PA;Sul;Colisão Traseira;;;1;;;3;;;;;3;1;;;
08/03/2023;14:23:00;87;AC02-ACIDENTE COM VÍTIMA;560;BR-163/PA;Norte;Colisão Lateral;;;2;;;4;;;;;4;2;;;
09/03/2023;01:31:00;12;AC02-ACIDENTE COM VÍTIMA;653,431;BR-163/PA;Norte;Tombamento;;;1;;;;;;;;0;1;;;
09/03/2023;03:52:00;23;AC02-ACIDENTE COM VÍTIMA;618;BR-163/PA;Sul;Tombamento;;;1;;;;;;;;0;1;;;
09/03/2023;04:49:00;26;AC02-ACIDENTE COM VÍTIMA;660,549;BR-163/PA;Sul;Saida de Pista;;;1;;;1;;;;;1;1;;;
09/03/2023;08:20:00;88;AC02-ACIDENTE COM VÍTIMA;925,787;BR-163/MT;Sul;Colisão Traseira;;;1;;;;;;;1;0;3;;;
09/03/2023;08:42:00;99;AC03-ACIDENTE SEM VÍTIMA;207,629;BR-163/PA;Sul;Tombamento;;;1;;;;;;;;1;;;;
09/03/2023;18:20:00;203;AC02-ACIDENTE COM VÍTIMA;286,302;BR-163/PA;Norte;Tombamento;;;1;;;;;;;;0;1;;;
09/03/2023;23:02:00;228;AC02-ACIDENTE COM VÍTIMA;1080,748;BR-163/MT;Norte;Tombamento;;;1;;;;;;;;0;1;1;;
09/03/2023;23:48:00;231;AC02-ACIDENTE COM VÍTIMA;1110,083;BR-230/PA;Leste;Tombamento;;;1;;;;;;;;0;;1;;
10/03/2023;01:07:00;10;AC03-ACIDENTE SEM VÍTIMA;1015,8;BR-163/MT;Norte;Atropelamento de Animal;;;1;;;;;;;;1;;;;
10/03/2023;07:53:00;45;AC02-ACIDENTE COM VÍTIMA;1029;BR-163/MT;Norte;Colisão Transversal;;;1;;;;;;;1;0;2;;;
10/03/2023;19:59:00;147;AC02-ACIDENTE COM VÍTIMA;1123,632;BR-230/PA;Leste;Queda de Moto;;;;1;;;;;;;0;2;;;
10/03/2023;22:35:00;155;AC02-ACIDENTE COM VÍTIMA;490,18;BR-163/PA;Sul;Saida de Pista;;;1;;;3;;;;;3;2;;;
11/03/2023;02:44:00;20;AC02-ACIDENTE COM VÍTIMA;309,986;BR-163/PA;Sul;Saida de Pista;;;;;;1;;;;1;1;1;;;
11/03/2023;08:50:00;101;AC03-ACIDENTE SEM VÍTIMA;488,7;BR-163/PA;Sul;Colisão Lateral;;;2;;;3;;;;;5;;;;
11/03/2023;15:39:00;123;AC02-ACIDENTE COM VÍTIMA;524,316;BR-163/PA;Norte;Tombamento;;;1;;;1;;;;;1;1;;;
11/03/2023;19:08:00;143;AC03-ACIDENTE SEM VÍTIMA;605,8;BR-163/PA;Sul;Saida de Pista;;;1;;;2;;;;;3;;;;
12/03/2023;04:51:00;22;AC02-ACIDENTE COM VÍTIMA;452,114;BR-163/PA;Norte;Queda de Moto;;;;1;;;;;;;0;2;;;
12/03/2023;10:12:00;98;AC02-ACIDENTE COM VÍTIMA;306,376;BR-163/PA;Norte;Tombamento;;;1;;;1;;;;;1;1;;;
12/03/2023;19:04:00;187;AC02-ACIDENTE COM VÍTIMA;653,1;BR-163/PA;Norte;Saida de Pista;;;1;;;;;;;;0;1;;;
13/03/2023;08:03:00;51;AC02-ACIDENTE COM VÍTIMA;263,364;BR-163/PA;Norte;Tombamento;;;1;;;2;;;;;2;1;;;
13/03/2023;16:00:00;155;AC02-ACIDENTE COM VÍTIMA;1033;BR-163/MT;Norte;Queda de Moto;;;;1;;;;;;;0;1;;;
13/03/2023;18:08:00;180;AC02-ACIDENTE COM VÍTIMA;669,429;BR-163/PA;Sul;Tombamento;;;2;;;;;;;;0;2;;;
14/03/2023;21:55:00;182;AC02-ACIDENTE COM VÍTIMA;318,235;BR-163/PA;Norte;Queda de Moto;;;;1;;;;;;;0;;1;;
15/03/2023;04:59:00;21;AC02-ACIDENTE COM VÍTIMA;514,839;BR-163/PA;Norte;Colisão Lateral;;;2;;;2;;;;;2;3;;;
15/03/2023;10:27:00;98;AC02-ACIDENTE COM VÍTIMA;622;BR-163/PA;Norte;Tombamento;;;1;;;2;;;;;2;1;;;
15/03/2023;13:26:00;125;AC02-ACIDENTE COM VÍTIMA;1037,577;BR-163/MT;Norte;Colisão Transversal;;;;1;;;;;;1;1;;1;;
15/03/2023;13:34:00;126;AC02-ACIDENTE COM VÍTIMA;410,514;BR-163/PA;Norte;Colisão Traseira;;;1;1;;2;;;;;3;;;1;
15/03/2023;15:56:00;153;AC02-ACIDENTE COM VÍTIMA;191,856;BR-163/PA;Norte;Tombamento;;;1;;;2;;;;;2;1;;;
15/03/2023;16:55:00;163;AC02-ACIDENTE COM VÍTIMA;355,306;BR-163/PA;Norte;Colisão Transversal;1;;1;;;;;;;;0;2;;;
15/03/2023;20:15:00;177;AC02-ACIDENTE COM VÍTIMA;1123,602;BR-230/PA;Leste;Queda de Moto;;;;1;;;;;;;0;1;;;
16/03/2023;08:15:00;48;AC02-ACIDENTE COM VÍTIMA;503,79;BR-163/PA;Norte;Tombamento;;;1;;;;;;;;0;1;;;
16/03/2023;14:38:00;135;AC01-ACIDENTE COM VÍTIMA FATAL;489,079;BR-163/PA;Norte;Colisão Frontal;1;;1;;;2;;;;;2;2;;;1
17/03/2023;03:07:00;14;AC02-ACIDENTE COM VÍTIMA;500,462;BR-163/PA;Sul;Carreta deu L;;;1;;;;;;;;0;1;;;
17/03/2023;13:03:00;132;AC02-ACIDENTE COM VÍTIMA;330,275;BR-163/PA;Norte;Tombamento;;;1;;;;;;;;0;1;;;
17/03/2023;15:41:00;146;AC02-ACIDENTE COM VÍTIMA;362;BR-163/PA;Norte;Colisão Lateral;;;2;;;;;;;;0;2;;;
18/03/2023;08:44:00;62;AC02-ACIDENTE COM VÍTIMA;144,959;BR-163/PA;Norte;Colisão Lateral;;;1;;;;;;;1;1;2;1;;
18/03/2023;17:27:00;169;AC02-ACIDENTE COM VÍTIMA;347;BR-163/PA;Sul;Queda de Moto;;;;1;;1;;;;;1;2;;;
18/03/2023;23:29:00;197;AC03-ACIDENTE SEM VÍTIMA;36,423;BR-163/PA;Sul;Atropelamento de Animal;;;1;;;;;;;;1;;;;
19/03/2023;03:49:00;21;AC03-ACIDENTE SEM VÍTIMA;881,214;BR-163/MT;Norte;Saida de Pista;1;;;;;;;;;;1;;;;
19/03/2023;15:49:00;200;AC02-ACIDENTE COM VÍTIMA;1089;BR-163/MT;Norte;Colisão Traseira;;;1;;;;;;;1;1;1;;;
19/03/2023;15:50:00;201;AC02-ACIDENTE COM VÍTIMA;671,991;BR-163/PA;Norte;Colisão Traseira;;;1;;;;;;;2;1;2;;;
19/03/2023;21:12:00;234;AC02-ACIDENTE COM VÍTIMA;1076,6;BR-163/MT;Sul;Queda de Moto;;;;1;;;;;;;0;1;1;;
20/03/2023;06:35:00;30;AC02-ACIDENTE COM VÍTIMA;263,583;BR-163/PA;Norte;Tombamento;;;1;;;2;;;;;2;1;;;
20/03/2023;08:58:00;76;AC02-ACIDENTE COM VÍTIMA;1072,191;BR-163/MT;Norte;Colisão Transversal;1;;1;;;;;;;;0;2;;;
20/03/2023;12:05:00;122;AC02-ACIDENTE COM VÍTIMA;942;BR-163/MT;Norte;Capotamento;1;;;;;;;;;;0;1;;;
20/03/2023;12:15:00;124;AC02-ACIDENTE COM VÍTIMA;926;BR-163/MT;Sul;Saida de Pista;;;;;;;;;;1;0;2;;;
20/03/2023;13:20:00;136;AC02-ACIDENTE COM VÍTIMA;394;BR-163/PA;Sul;Tombamento;;;1;;;;;;;;0;1;;;
20/03/2023;14:58:00;149;AC02-ACIDENTE COM VÍTIMA;618;BR-163/PA;Norte;Tombamento;;;1;;;;;;;;0;1;;;
20/03/2023;15:45:00;157;AC03-ACIDENTE SEM VÍTIMA;185,782;BR-163/PA;Sul;Carreta deu L;;;1;;;;;;;;1;;;;
20/03/2023;17:46:00;169;AC02-ACIDENTE COM VÍTIMA;670;BR-163/PA;Norte;Colisão Lateral;;;2;;;;;;;;0;;2;;
21/03/2023;00:11:00;2;AC02-ACIDENTE COM VÍTIMA;484,388;BR-163/PA;Sul;Colisão Traseira;;;1;;;2;;;;1;3;1;1;;
21/03/2023;08:07:00;45;AC03-ACIDENTE SEM VÍTIMA;930;BR-163/MT;Norte;Choque - Veiculo parado na pista;;;1;;;2;;;;;3;;;;
21/03/2023;13:45:00;137;AC03-ACIDENTE SEM VÍTIMA;889,708;BR-163/MT;Sul;Saida de Pista;;;1;;;;;;;;6;;;;
21/03/2023;17:27:00;183;AC02-ACIDENTE COM VÍTIMA;257,252;BR-163/PA;Norte;Colisão Lateral;;;2;;;;;;;;0;2;;;
22/03/2023;01:38:00;15;AC02-ACIDENTE COM VÍTIMA;652,871;BR-163/PA;Norte;Queda de Moto;;;;1;;;;;;;0;1;;1;
22/03/2023;08:06:00;61;AC03-ACIDENTE SEM VÍTIMA;890,422;BR-163/MT;Norte;Colisão Lateral;;;1;;;;;;;1;5;;;;
22/03/2023;13:21:00;129;AC02-ACIDENTE COM VÍTIMA;547,572;BR-163/PA;Sul;Tombamento;;;1;;;2;;;;;2;1;;;
22/03/2023;13:48:00;131;AC02-ACIDENTE COM VÍTIMA;143,8;BR-163/PA;Norte;Tombamento;;;1;;;2;;;;;2;1;;;
22/03/2023;15:40:00;147;AC02-ACIDENTE COM VÍTIMA;897,1;BR-163/MT;Norte;Colisão Traseira;1;;1;;;;;;;;1;1;;;
22/03/2023;16:48:00;160;AC01-ACIDENTE COM VÍTIMA FATAL;1043;BR-163/MT;Norte;Saida de Pista;;;;1;;;;;;;0;;;;1
22/03/2023;22:03:00;191;AC02-ACIDENTE COM VÍTIMA;10,238;BR-163/PA;Sul;Colisão Traseira;;;2;;;;;;;;1;1;;;
23/03/2023;03:19:00;17;AC02-ACIDENTE COM VÍTIMA;330,344;BR-163/PA;Norte;Tombamento;;;1;;;2;;;;;2;1;;;
23/03/2023;07:36:00;33;AC03-ACIDENTE SEM VÍTIMA;326;BR-163/PA;Norte;Colisão Traseira;;;2;;;1;;;;;3;;;;
23/03/2023;11:14:00;102;AC02-ACIDENTE COM VÍTIMA;1064;BR-163/MT;Sul;Queda de Moto;;;;1;;;;;;;0;1;;;
23/03/2023;13:39:00;121;AC02-ACIDENTE COM VÍTIMA;4;BR-163/PA;Sul;Saida de Pista;;;;;;;;;;1;0;1;;;
23/03/2023;15:32:00;128;AC02-ACIDENTE COM VÍTIMA;1046,26;BR-163/MT;Sul;Saida de Pista;1;;;;;;;;;;0;1;;;
24/03/2023;05:49:00;17;AC02-ACIDENTE COM VÍTIMA;660,271;BR-163/PA;Norte;Colisão Lateral;;;2;;;;;;;;0;2;;;
24/03/2023;13:28:00;125;AC01-ACIDENTE COM VÍTIMA FATAL;665,77;BR-163/PA;Sul;Colisão Lateral;;;1;1;;1;;;;;0;2;;2;1
24/03/2023;15:30:00;153;AC02-ACIDENTE COM VÍTIMA;1110,6;BR-163/MT;Sul;Saida de Pista;;;1;;;2;;;;;2;2;;;
24/03/2023;18:51:00;170;AC02-ACIDENTE COM VÍTIMA;157;BR-163/PA;Norte;Colisão Transversal;;;;1;;1;;;;;1;2;;;
25/03/2023;00:46:00;7;AC02-ACIDENTE COM VÍTIMA;666;BR-163/PA;Sul;Tombamento;;;1;;;;;;;;0;;1;;
25/03/2023;03:34:00;17;AC02-ACIDENTE COM VÍTIMA;600;BR-163/PA;Sul;Tombamento;;;1;;;;;;;;0;1;;;
25/03/2023;07:23:00;39;AC03-ACIDENTE SEM VÍTIMA;876,805;BR-163/MT;Norte;Tombamento;;;1;;;2;;;;;3;;;;
25/03/2023;08:09:00;48;AC03-ACIDENTE SEM VÍTIMA;547,254;BR-163/PA;Norte;Tombamento;;;1;;;2;;;;;3;;;;
25/03/2023;13:20:00;122;AC02-ACIDENTE COM VÍTIMA;1110,195;BR-163/MT;Norte;Tombamento;;;1;;;2;;;;;2;;;1;
25/03/2023;19:46:00;188;AC03-ACIDENTE SEM VÍTIMA;318,654;BR-163/PA;Norte;Tombamento;;;1;;;2;;;;;3;;;;
25/03/2023;22:04:00;201;AC02-ACIDENTE COM VÍTIMA;1112;BR-230/PA;Leste;Queda de Moto;;;;1;;;;;;;0;2;;;
25/03/2023;23:51:00;218;AC02-ACIDENTE COM VÍTIMA;34;BR-163/PA;Sul;Choque - Veiculo parado na pista;;;2;;;;;;;;1;3;;;
26/03/2023;09:01:00;54;AC02-ACIDENTE COM VÍTIMA;263,34;BR-163/PA;Norte;Tombamento;;;1;;;2;;;;;2;1;;;
26/03/2023;09:11:00;56;AC03-ACIDENTE SEM VÍTIMA;947,223;BR-163/MT;Norte;Tombamento;;;1;;;;;;;;1;;;;
26/03/2023;11:28:00;83;AC02-ACIDENTE COM VÍTIMA;591,42;BR-163/PA;Norte;Tombamento;;;1;;;1;;;;;1;1;;;
26/03/2023;16:13:00;121;AC02-ACIDENTE COM VÍTIMA;1109;BR-163/MT;Sul;Colisão Lateral;;;2;;;;;;;;1;1;;;
26/03/2023;22:23:00;154;AC02-ACIDENTE COM VÍTIMA;993;BR-163/MT;Norte;Choque - Veiculo parado no acostamento;;;1;1;;;;;;;1;1;;;
27/03/2023;11:43:00;92;AC02-ACIDENTE COM VÍTIMA;104,165;BR-163/PA;Norte;Tombamento;;;1;;;2;;;;;2;2;;;
27/03/2023;13:30:00;99;AC02-ACIDENTE COM VÍTIMA;636,095;BR-163/PA;Norte;Colisão Traseira;;;1;;;2;;;;1;3;2;;;
27/03/2023;17:03:00;127;AC02-ACIDENTE COM VÍTIMA;972;BR-163/MT;Norte;Colisão Lateral;1;;1;;;;;;;;0;2;;;
27/03/2023;17:04:00;128;AC02-ACIDENTE COM VÍTIMA;302;BR-163/PA;Norte;Colisão Traseira;1;;;;;;;;;1;0;2;;;
28/03/2023;09:19:00;72;AC02-ACIDENTE COM VÍTIMA;387;BR-163/PA;Norte;Colisão Traseira;;;2;;;4;;;;;4;1;1;;
29/03/2023;07:27:00;52;AC02-ACIDENTE COM VÍTIMA;1114,443;BR-163/MT;Norte;Colisão Traseira;;;1;1;;;;;;;1;2;1;;
29/03/2023;08:03:00;65;AC03-ACIDENTE SEM VÍTIMA;562,915;BR-163/PA;Norte;Colisão Lateral;;;2;;;;;;;;2;;;;
29/03/2023;13:46:00;148;AC02-ACIDENTE COM VÍTIMA;285;BR-163/PA;Norte;Colisão Lateral;;;3;;;;;;;;0;3;;;
30/03/2023;07:55:00;52;AC02-ACIDENTE COM VÍTIMA;105;BR-163/PA;Norte;Tombamento;;;1;;;1;;;;;1;1;;;
30/03/2023;16:19:00;139;AC02-ACIDENTE COM VÍTIMA;1015,49;BR-163/MT;Sul;Tombamento;;;1;;;;;;;;0;1;;;
30/03/2023;18:02:00;146;AC02-ACIDENTE COM VÍTIMA;635;BR-163/PA;Sul;Colisão Traseira;;;1;;;1;;;;;1;1;;;
31/03/2023;06:21:00;21;AC02-ACIDENTE COM VÍTIMA;312;BR-163/PA;Norte;Colisão Traseira;;;2;;;;;;;;0;2;;;
31/03/2023;13:21:00;104;AC03-ACIDENTE SEM VÍTIMA;394,283;BR-163/PA;Sul;Saida de Pista;1;;;;;;;;;;1;;;;
31/03/2023;14:11:00;112;AC02-ACIDENTE COM VÍTIMA;604;BR-163/PA;Sul;Colisão Traseira;;;2;;;;;;;;2;;;1;
31/03/2023;18:54:00;141;AC03-ACIDENTE SEM VÍTIMA;1040,802;BR-163/MT;Norte;Colisão Traseira;2;;;;;;;;;;2;;;;
